avis/quitoque.md	avis quitoque	2ac26d62-4265-43fd-8ef8-324ae4027bdc
avis/hellofresh.md	avis hellofresh	d062df83-830a-4a41-a965-c54a9b110633
avis/seazon.md	avis seazon	24ff338d-f402-40bd-96e1-2ad3864aaa20
comparatif/quitoque-vs-hellofresh.md	quitoque ou hellofresh	e23517f3-df18-44e2-9ff1-05e3e1181dd3
guides/combien-coute-box-repas.md	combien coute une box repas	6c654a09-4783-4fd6-9c6c-afc42a0bded5
guides/comment-choisir-box-repas.md	comment choisir sa box repas	dedf436f-d520-4651-916a-00e379efc16a
guides/box-anti-gaspillage.md	box repas anti gaspillage	152c8492-e6a6-439d-b3f8-a6086f65c1da
alternatives/frichti.md	alternative frichti	4029a4d9-5388-471a-abc7-4d067421e9e1
alternatives/foodcheri.md	alternative foodcheri	5b2dd452-e1ce-4e41-9667-47d75d0d16d7
alternatives/rutabago.md	alternative rutabago	e79e6c7d-768f-48b7-bef0-689f71c948ac
